<ProductCatalog>
	<ConsoleCatalog>	
		<speakers id="JBL"> 
			<name>JBL</name> 
			<price>399.99</price> 
			<image>images/jbl1.jpg</image> 
			<manufacturer>JBL</manufacturer>
			<condition>New</condition> 
			<discount>10.0</discount>
			<accessories> 
				<accessory>LaptopCover</accessory> 
				<accessory>ToolKit</accessory> 
				<accessory>Pioneer</accessory>
				<accessory>Seagate</accessory>
			</accessories> 
		</speakers>
		<speakers id="Sony">
			<name>SONY</name> 
			<price>349.99</price>
			<image>images/sony1.jpg</image> 
			<manufacturer>Sony</manufacturer> 
			<condition>New</condition> 
			<discount>0.0</discount>
			<accessories>
				<accessory>SONY_A</accessory>
			</accessories>
		</speakers>
		<speakers id="Polk">
                        <name>Polk</name>
                        <price>400</price>
			<image>images/Polk.jpg</image> 
			<manufacturer>Polk</manufacturer> 
			<condition>New</condition> 
			<discount>0.0</discount>
			<accessories>
				<accessory>Polk_A</accessory>
                <accessory>Polk_B</accessory>
            </accessories>
        </speakers>
        <speakers id="KEF">
            <name>KEF</name>
            <price>320.19</price>
			<image>images/KEF.jpg</image> 
			<manufacturer>KEF</manufacturer> 
			<condition>New</condition> 
			<discount>10.0</discount>
			<accessories>
                <accessory>KEF_A</accessory>
                <accessory>KEF_B</accessory>
            </accessories>
        </speakers>
		<speakers id="hp">
                        <name>hp</name>
                        <price>410</price>
			<image>images/hp.jpg</image> 
			<manufacturer>hp</manufacturer> 
			<condition>New</condition> 
			<discount>10.0</discount>
			<accessories>
                               <accessory>hp_A</accessory>
                               <accessory>hp_B</accessory>
                        </accessories>
                </speakers>
                <speakers id="Klipsch">
                        <name>Klipsch</name>
                        <price>575</price>
			<image>images/Klipsch.jpg</image> 
			<manufacturer>Klipsch</manufacturer> 
			<condition>New</condition> 
			<discount>10.0</discount>
			<accessories>
                               <accessory>Klipsch_A</accessory>
                               <accessory>Klipsch_B</accessory>
                        </accessories>
                </speakers>
                <speakers id="Paradigm">
                        <name>Paradigm</name>
                        <price>190</price>
			<image>images/Paradigm.jpg</image> 
			<manufacturer>Paradigm</manufacturer> 
			<condition>New</condition> 
			<discount>10.0</discount>
			<accessories>
                               <accessory>Paradigm_A</accessory>
                               <accessory>Paradigm_B</accessory>
                        </accessories>
                </speakers>
                <speakers id="Dynaudio">
                        <name>Dynaudio</name>
                        <price>290</price>
			<image>images/dynaudio.jpg</image> 
			<manufacturer>Dynaudio</manufacturer> 
			<condition>New</condition> 
			<discount>10.0</discount>
			<accessories>
                               <accessory>Dynaudio_A</accessory>
                               <accessory>Dynaudio_B</accessory>
                        </accessories>
                </speakers>
                <speakers id="HarmanInternational">
                        <name>HarmanInternational</name>
                        <price>375</price>
			<image>images/HarmanInternational.jpg</image> 
			<manufacturer>HarmanInternational</manufacturer> 
			<condition>New</condition> 
			<discount>10.0</discount>
			<accessories>
                               <accessory>HarmanInternational_A</accessory>
                               <accessory>HarmanInternational_B</accessory>
                        </accessories>
                </speakers>
                <speakers id="DefinitiveTechnology">
                        <name>DefinitiveTechnology</name>
                        <price>325</price>
			<image>images/DefinitiveTechnology.jpg</image> 
			<manufacturer>DefinitiveTechnology</manufacturer> 
			<condition>New</condition> 
			<discount>10.0</discount>
			<accessories>
                               <accessory>DefinitiveTechnology_A</accessory>
                               <accessory>DefinitiveTechnology_B</accessory>
                        </accessories>
                </speakers>

		<SmartWatch id="Moto360">
                        <name>Moto360</name>
                        <price>345</price>
			<image>images/Moto360.jpg</image> 
			<manufacturer>Moto360</manufacturer> 
			<condition>New</condition> 
			<discount>10.0</discount>
			<accessories>
                               <accessory>Moto360_A</accessory>
                               <accessory>Moto360_B</accessory>
                        </accessories>
         </SmartWatch>
		<SmartWatch id="Apple">
                        <name>Apple</name>
                        <price>900</price>
			<image>images/Apple.jpg</image> 
			<manufacturer>Apple</manufacturer> 
			<condition>New</condition> 
			<discount>10.0</discount>
			<accessories>
                               <accessory>Apple_A</accessory>
                               <accessory>Apple_B</accessory>
                        </accessories>
                </SmartWatch>
                <SmartWatch id="Huawei">
                        <name>Huawei</name>
                        <price>370</price>
			<image>images/Huawei.jpg</image> 
			<manufacturer>Huawei</manufacturer> 
			<condition>New</condition> 
			<discount>10.0</discount>
			<accessories>
                               <accessory>Huawei_A</accessory>
                               <accessory>Huawei_B</accessory>
                        </accessories>
                </SmartWatch>
            <SmartWatch id="Samsung">
                        <name>Samsung</name>
                        <price>755</price>
			<image>images/Samsung.jpg</image> 
			<manufacturer>Samsung</manufacturer> 
			<condition>New</condition> 
			<discount>10.0</discount>
			<accessories>
                               <accessory>Samsung_A</accessory>
                               <accessory>Samsung_B</accessory>
                        </accessories>
                </SmartWatch>
                <SmartWatch id="Pebble">
                        <name>Pebble</name>
                        <price>345</price>
			<image>images/Pebble.jpg</image> 
			<manufacturer>Pebble</manufacturer> 
			<condition>New</condition> 
			<discount>10.0</discount>
			<accessories>
                               <accessory>Pebble_A</accessory>
                               <accessory>Pebble_B</accessory>
                        </accessories>
                </SmartWatch>

		<Phone id="Nokia">
                        <name>Nokia</name>
                        <price>250</price>
			<image>images/Nokia.jpg</image> 
			<manufacturer>Nokia</manufacturer> 
			<condition>New</condition> 
			<discount>10.0</discount>
			<accessories>
                               <accessory>Nokia_A</accessory>
                               <accessory>Nokia_B</accessory>
                        </accessories>
                 </Phone>
                 <Phone id="Motorola">
                        <name>Motorola</name>
                        <price>400</price>
			<image>images/Motorola.jpg</image> 
			<manufacturer>Motorola</manufacturer> 
			<condition>New</condition> 
			<discount>10.0</discount>
			<accessories>
                               <accessory>Motorola_A</accessory>
                               <accessory>Motorola_B</accessory>
                        </accessories>
                 </Phone>
                 <Phone id="HTC">
                        <name>HTC</name>
                        <price>380</price>
			<image>images/HTC.jpg</image> 
			<manufacturer>HTC</manufacturer> 
			<condition>New</condition> 
			<discount>10.0</discount>
			<accessories>
                               <accessory>HTC_A</accessory>
                               <accessory>HTC_B</accessory>
                        </accessories>
                 </Phone>
                 <Phone id="OPPO">
                        <name>OPPO</name>
                        <price>320</price>
			<image>images/OPPO.jpg</image> 
			<manufacturer>OPPO</manufacturer> 
			<condition>New</condition> 
			<discount>10.0</discount>
			<accessories>
                               <accessory>OPPO_A</accessory>
                               <accessory>OPPO_B</accessory>
                        </accessories>
                 </Phone>
                 <Phone id="Vivo">
                        <name>Vivo</name>
                        <price>520</price>
			<image>images/Vivo.jpg</image> 
			<manufacturer>Vivo</manufacturer> 
			<condition>New</condition> 
			<discount>0.0</discount>
			<accessories>
                               <accessory>Vivo_A</accessory>
                               <accessory>Vivo_B</accessory>
                        </accessories>
                 </Phone>

		<Laptop id="Dell">
                        <name>Dell</name>
                        <price>580</price>
			<image>images/Dell.jpg</image> 
			<manufacturer>Dell</manufacturer> 
			<condition>New</condition> 
			<discount>10.0</discount>
			<accessories>
                <accessory>LaptopCover</accessory> 
				<accessory>ToolKit</accessory> 
				<accessory>Pioneer</accessory>
				<accessory>Seagate</accessory>
            </accessories>
        </Laptop>
        <Laptop id="Acer">
                        <name>Acer</name>
                        <price>460</price>
			<image>images/Acer.jpg</image> 
			<manufacturer>Acer</manufacturer> 
			<condition>New</condition> 
			<discount>10.0</discount>
			<accessories>
                               <accessory>Acer_A</accessory>
                               <accessory>Acer_B</accessory>
                        </accessories>
                 </Laptop>
                 <Laptop id="Asus">
                        <name>Asus</name>
                        <price>370</price>
			<image>images/Asus.jpg</image> 
			<manufacturer>Asus</manufacturer> 
			<condition>New</condition> 
			<discount>10.0</discount>
			<accessories>
                               <accessory>Asus_A</accessory>
                               <accessory>Asus_B</accessory>
                        </accessories>
                 </Laptop>
                 <Laptop id="Lenovo">
                        <name>Lenovo</name>
                        <price>390</price>
			<image>images/Lenovo.jpg</image> 
			<manufacturer>Lenovo</manufacturer> 
			<condition>New</condition> 
			<discount>10.0</discount>
			<accessories>
                               <accessory>Lenovo_A</accessory>
                               <accessory>Lenovo_B</accessory>
                        </accessories>
                 </Laptop>
                 <Laptop id="MSI">
                        <name>MSI</name>
                        <price>420</price>
			<image>images/MSI.jpg</image> 
			<manufacturer>MSI</manufacturer> 
			<condition>New</condition> 
			<discount>10.0</discount>
			<accessories>
                               <accessory>MSI_A</accessory>
                               <accessory>MSI_B</accessory>
                        </accessories>
                 </Laptop>
		
		<Headphone id="AKG">
                        <name>AKG</name>
                        <price>240</price>
			<image>images/AKG.jpg</image> 
			<manufacturer>AKG</manufacturer> 
			<condition>New</condition> 
			<discount>10.0</discount>
			<accessories>
                               <accessory>AKG_A</accessory>
                               <accessory>AKG_B</accessory>
                        </accessories>
                 </Headphone>
                 <Headphone id="Panasonic">
                        <name>Panasonic</name>
                        <price>510</price>
			<image>images/Panasonic.jpg</image> 
			<manufacturer>Panasonic</manufacturer> 
			<condition>New</condition> 
			<discount>10.0</discount>
			<accessories>
                               <accessory>Panasonic_A</accessory>
                               <accessory>Panasonic_B</accessory>
                        </accessories>
                 </Headphone>
                 <Headphone id="Ultrasone">
                        <name>Ultrasone</name>
                        <price>240</price>
			<image>images/Ultrasone.jpg</image> 
			<manufacturer>Ultrasone</manufacturer> 
			<condition>New</condition> 
			<discount>10.0</discount>
			<accessories>
                               <accessory>Ultrasone_A</accessory>
                               <accessory>Ultrasone_B</accessory>
                        </accessories>
                 </Headphone>
                 <Headphone id="Grado">
                        <name>Grado</name>
                        <price>570</price>
			<image>images/Grado.jpg</image> 
			<manufacturer>Grado</manufacturer> 
			<condition>New</condition> 
			<discount>10.0</discount>
			<accessories>
                               <accessory>Grado_A</accessory>
                               <accessory>Grado_B</accessory>
                        </accessories>
                 </Headphone>
                 <Headphone id="Pioneer">
                        <name>Pioneer</name>
                        <price>360</price>
			<image>images/Pioneer.jpg</image> 
			<manufacturer>Pioneer</manufacturer> 
			<condition>New</condition> 
			<discount>10.0</discount>
			<accessories>
                               <accessory>Pioneer_A</accessory>
                               <accessory>Pioneer_B</accessory>
                        </accessories>
                 </Headphone>

		<ExternalStorage id="Seagate">
                        <name>Seagate</name>
                        <price>545</price>
			<image>images/Seagate.jpg</image> 
			<manufacturer>Seagate</manufacturer> 
			<condition>New</condition> 
			<discount>10.0</discount>
			<accessories>
                               <accessory>Seagate_A</accessory>
                               <accessory>Seagate_B</accessory>
                        </accessories>
                 </ExternalStorage>
                 <ExternalStorage id="OWC">
                        <name>OWC</name>
                        <price>454</price>
			<image>images/OWC.jpg</image> 
			<manufacturer>OWC</manufacturer> 
			<condition>New</condition> 
			<discount>10.0</discount>
			<accessories>
                               <accessory>OWC_A</accessory>
                               <accessory>OWC_B</accessory>
                        </accessories>
                 </ExternalStorage>
                 <ExternalStorage id="WD">
                        <name>WD</name>
                        <price>650</price>
			<image>images/WD.jpg</image> 
			<manufacturer>WD</manufacturer> 
			<condition>New</condition> 
			<discount>10.0</discount>
			<accessories>
                               <accessory>WD_A</accessory>
                               <accessory>WD_B</accessory>
                        </accessories>
                 </ExternalStorage>
                 <ExternalStorage id="Buffalo">
                        <name>Buffalo</name>
                        <price>256</price>
			<image>images/Buffalo.jpg</image> 
			<manufacturer>Buffalo</manufacturer> 
			<condition>New</condition> 
			<discount>10.0</discount>
			<accessories>
                               <accessory>Buffalo_A</accessory>
                               <accessory>Buffalo_B</accessory>
                        </accessories>
                 </ExternalStorage>
                 <ExternalStorage id="Adata">
                        <name>Adata</name>
                        <price>530</price>
			<image>images/Adata.jpg</image> 
			<manufacturer>Adata</manufacturer> 
			<condition>New</condition> 
			<discount>10.0</discount>
			<accessories>
                               <accessory>Adata_A</accessory>
                               <accessory>Adata_B</accessory>
                        </accessories>
                 </ExternalStorage>

		<AccessoriesCatalog id="accessory">
            <name>LaptopCover</name>
            <price>32.19</price>
			<image>images/LaptopCover.jpg</image> 
			<manufacturer>KEF</manufacturer> 
			<condition>New</condition> 
			<discount>10.0</discount>
        </AccessoriesCatalog>
		<AccessoriesCatalog id="accessory">
            <name>ToolKit</name>
            <price>75.19</price>
			<image>images/toolkit.jpg</image> 
			<manufacturer>KEF</manufacturer> 
			<condition>New</condition> 
			<discount>10.0</discount>
        </AccessoriesCatalog>
		<AccessoriesCatalog id="accessory">
            <name>Pioneer</name>
            <price>50.19</price>
			<image>images/Pioneer.jpg</image> 
			<manufacturer>Pioneer</manufacturer> 
			<condition>New</condition> 
			<discount>10.0</discount>
        </AccessoriesCatalog>
		<AccessoriesCatalog id="accessory">
            <name>Seagate</name>
            <price>105.19</price>
			<image>images/Seagate.jpg</image> 
			<manufacturer>Seagate</manufacturer> 
			<condition>New</condition> 
			<discount>10.0</discount>
        </AccessoriesCatalog>
	</ConsoleCatalog>
</ProductCatalog>